"order","JCS","Joincount","Expected","Variance","z.value","pvalue"
"First","No Core:No Core",24.0440476190476,22.1320754716981,0.56786716802344,2.53722032260089,0.00558683041890013
"First","Core:Core",8.91547619047619,6.63207547169811,0.485115282853286,3.27838274380777,0.000522018645846215
"First","Core:No Core",20.5404761904762,24.7358490566038,1.82567625843512,-3.10497909896435,0.999048537646006
"Second","No Core:No Core",22.0019973082473,22.1320754716981,0.498697824627925,-0.184198317806352,0.573071060450576
"Second","Core:Core",7.72085137085137,6.63207547169811,0.335204188502445,1.88054521792624,0.0300169049038798
"Second","Core:No Core",23.7771513209013,24.7358490566038,1.11403525873914,-0.908306105559903,0.818141741186192
