"order","JCS","Joincount","Expected","Variance","z.value","pvalue"
"First","NC:NC",25.3452380952381,22.7830188679245,0.55871969114412,3.42783017141456,0.000304212973522917
"First","C:C",9.225,6.28301886792453,0.471704071135989,4.28356213439922,9.1962352124027e-06
"First","C:NC",18.9297619047619,24.4339622641509,1.7839796427163,-4.12096842743986,0.999981135843395
"Second","NC:NC",24.1979721667222,22.7830188679245,0.496061417256215,2.00897430051251,0.0222699296356648
"Second","C:C",8.19146894771895,6.28301886792453,0.324143882258973,3.35206081865367,0.000401061977434293
"Second","C:NC",21.1105588855589,24.4339622641509,1.09340026040297,-3.178289627382,0.999259266585922
